<?xml version="1.0" encoding="UTF-8"?>
<api context="/organisation" name="OrganisationAPI" xmlns="http://ws.apache.org/ns/synapse">
  <resource methods="GET" protocol="http" uri-template="/queryName/{id}">
    <inSequence>
      <log level="custom">
        <property name="message" value="&quot;welcome to organisation&quot;"/>
        <property expression="get-property('uri.var.id')" name="uri.var.id"/>
      </log>
      <switch source="get-property('uri.var.id')">
        <case regex="emp1">
          <log level="custom">
            <property name="message" value="&quot;welcome to emp&quot;"/>
          </log>
          <send>
            <endpoint key="EmpEndpoint"/>
          </send>
        </case>
        <case regex="dept1">
          <log level="custom">
            <property name="message" value="&quot;welcome to department&quot;"/>
          </log>
          <send>
            <endpoint key="DeptEndpoint"/>
          </send>
        </case>
        <default>
          <log description="Fault Log" level="custom">
            <property name="property_name" value="fn:concat('Invalid Name- ', get-property('uri.var.id'))"/>
          </log>
        </default>
      </switch>
    </inSequence>
    <outSequence>
      <send/>
    </outSequence>
    <faultSequence/>
  </resource>
</api>
