<?xml version="1.0" encoding="UTF-8"?><artifacts>
    <artifact name="EmpEndpoint" groupId="com.example.HariHmrcESB.endpoint" version="1.0.0" type="synapse/endpoint" serverRole="EnterpriseServiceBus">
        <file>src/main/synapse-config/endpoints/EmpEndpoint.xml</file>
    </artifact>
    <artifact name="DeptEndpoint" groupId="com.example.HariHmrcESB.endpoint" version="1.0.0" type="synapse/endpoint" serverRole="EnterpriseServiceBus">
        <file>src/main/synapse-config/endpoints/DeptEndpoint.xml</file>
    </artifact>
    <artifact name="OrganisationAPI" groupId="com.example.HariHmrcESB.api" version="1.0.0" type="synapse/api" serverRole="EnterpriseServiceBus">
        <file>src/main/synapse-config/api/OrganisationAPI.xml</file>
    </artifact>
</artifacts>
